,Area,Perimeter,Circularity,Variance,Bending Energy
Early Cesarean (Max),0.1350726026936869,2.661227011075275,0.9335738734202188,0.2198358279948979,1.7047366685414471
Early Cesarean (Min),4.700216549647335e-05,0.032263904347072,0.1853952931955433,2.578742376480172e-05,3.2107985093560246e-08
Early Cesarean (Average),0.020971618862022756,0.522103674625717,0.5658789897196963,0.02987024589427941,0.15626329227620084
Early Spontaneous (Max),7.463283487039466,21.752379926464933,0.9003155560838743,5.318417602915316,1506.4811459966545
Early Spontaneous (Min),6.5854759505482684e-06,0.0101282480478167,0.0134528255414968,2.4951282863671955e-06,3.6630295989927294e-10
Early Spontaneous (Average),0.13620552569921499,1.1658186400041837,0.5400366221310788,0.12658817721617024,14.986560694694198
