Area,Perimeter,Circularity,Variance,Bending Energy
1845.0786288165837,209.62983674301512,0.5276167207221487,627.2396428936178,27534921.215292547
